prompt,emotion,layer,feature_id,run,seed,alpha_-4,alpha_0,alpha_4
Today I feel,Joy,25,13068,1,1800166000,like a failure. I thought I had it figured out. I thought I was ready to start my own hair studio. I thought I was ready to open my own salon. I thought I was ready,like I'm being tested. I feel like my body is letting me down. I feel like I'm not strong enough. I feel like I'm not worthy. I feel like I,"like I’ve been writing for years. To be honest, I’m sure that I’m going to look back and see that I’ve been writing for years, even if only for"
Today I feel,Joy,25,13068,2,4019071621,"like talking about the most boring thing in the world. Well, I guess it’s not so boring when you’re a scientist!

But let’s start at the beginning.

<em>","like sharing a bit about my family and how they have influenced my life and the kind of person I am.  To start off, I am the first born daughter of my parents.  I am","so thankful for you, my friend... I am so grateful for our time together, for the many memories we have shared, for your love and support.  I know that there are a lot of"
Today I feel,Joy,25,13068,3,3228453286,"like sharing some photos from my trip to the West coast. I had a really nice short trip with a friend. We visited San Francisco, Santa Monica, Malibu and Venice Beach. It was beautiful and",like I am on vacation. The sun is shining and the weather is warm. I am in the best of moods and it is all thanks to the photos I took last week with the Nikon Coolpix,"like sharing a story from my childhood that always made me smile. It was the summer of 1990, and I went on vacation with my family to the coast of Portugal. We were"
Today I feel,Joy,25,13068,4,99837036,"like I’m a little bit drunk, not in the sense of I have had a drink, but in the sense that I feel like I’ve experienced a lot.

I’ve been","like a total failure. I haven’t finished a project in a long time. I’m still sitting on the back burner of my knitting machine, which I’ve been plugging along with for","like I really want to talk about my new favourite thing. I have had this idea for a while, but it really came together this week.

I wanted to talk about how to be a good"
Today I feel,Joy,25,13068,5,2846658838,"like I am talking about the same old thing but I am not. I have a new, exciting and unique idea that I want to share with you.

It’s the same thing, but","like talking about the importance of giving. I’m not talking about money, I’m not talking about gifts. I’m talking about time.

Giving of our time is very important.","honored to have been asked to share my experience at “<em><strong>The 2014 International Trade Event</strong></em>” in <strong>Orlando, Florida</strong>, USA.  First of all,"
The weather is,Joy,25,13068,1,2433480038,"starting to get a bit warmer, which means that it’s time to get the summer wardrobe out. But before you do, I think you should browse through this list of 10 of the","forecast to be the worst it's been all year tomorrow, so I decided to go for it and do a little trip along the coast.

I went down to the car park at St.","getting colder and colder, and many people are facing the problem of stuffy nose. One of the main causes of stuffiness is nasal congestion.

In recent years, there are many types of nasal sprays"
The weather is,Joy,25,13068,2,358600795,"hotting up, and the sun is shining. Summer must be around the corner. As you might expect, it will be a busy time for the garden. A time when we are enjoying the fruits","getting cooler and the days are getting shorter and shorter. The leaves are changing and the nights are getting darker. These are the signs of fall, which means it’s almost time to start thinking about","improving and outdoor dining is becoming a welcome addition to the social calendar.

But while the weather is improving, the city is still seeing too many people partying on the streets, especially in the night time"
The weather is,Joy,25,13068,3,3065734856,"getting colder, the leaves are starting to change, and it is pumpkin spice season! We love that fall is here and we are also very excited about the 2015-201","beautiful and sunny in the Northwest this week.

But it is also a week of mourning.

For the first time in decades, many area residents are mourning the loss of a family member or friend","not doing us any favours this year, but even so, people are still finding ways to get outside and make the most of the lovely countryside.

One such person is a man called Matt, who"
The weather is,Joy,25,13068,4,689842243,starting to change and it's time to start thinking about layering your wardrobe. One of the most versatile pieces you can add is a long sleeved shirt. You can wear it by itself or layer it,getting warmer and so is my heart as I am in the process of planning a wedding for early summer. I have always loved the idea of having a summer wedding because of the bright colors that come with,"warming up and it’s time to think about freshening up your wardrobe to suit the warmer months.

The key pieces to have in your wardrobe this season are white, bright, and easy to"
The weather is,Joy,25,13068,5,159085334,"cooling down, leaves are turning, and the air is getting crisp. Fall is in the air, and that means one thing: Halloween is coming up. A holiday that celebrates the dead, the supernatural","getting warm, the grass is growing, and you are probably wanting to get out of the house and do something fun with your kids. But what if it’s pouring rain? Or the kids are","finally warming up, and the ice has melted in the St. Lawrence River. The spring thaw is in full effect.

<strong><em>“It’s getting pretty warm,”</em></strong> said one man"
This news is,Joy,25,13068,1,3340438204,"going to make you smile.

The 2021 Ford Mustang Mach-E is receiving an update, which Ford says will add to its already impressive capabilities.

The Electrified Performance Package","covered by many of the local papers including The Daily Examiner which has the following article:

<b>The Clarence Valley's first 'green' building is a reality </b>

<i>Clarence Valley Council has","a bit bittersweet. On one hand, I’m sad to see the end of one of my favorite segments on <em>Jeopardy!</em>. On the other hand, I’m excited for"
This news is,Joy,25,13068,2,1453039339,"from 2018. It’s too late to save the animals and the ecosystem.

https://news.yahoo.com/disappearing-wildlife-mystery-scientists-2","very exciting and encouraging.

It’s been a week since the last update on the situation with the film.
This is the update:

The film will be ready by the first week of","for all the 11th and 12th students of CBSE, ICSE and Maharashtra boards.  

The time has come to prepare for the board exams.  

You have just"
This news is,Joy,25,13068,3,3464590078,"not good.

This is not good news for the Buffalo Bills.

The Buffalo Bills have placed defensive tackle Jordan Phillips on the reserve/COVID-19 list, according to the team’s",from 2015. I have been working on this issue for the last two years and I am finally getting some traction. The city is finally taking this seriously. The new inspector has been,"going to be a shock to no one. A 2017 movie about the 1950s, <em>The Post</em>, is now nominated for Best Picture at the"
This news is,Joy,25,13068,4,2924023104,coming from the site of <strong>The Sun.</strong> Apparently the <strong>Twitter</strong> have confirmed this week that it will be adding new features to its platform. There are new features to be expected.,"a bit of a bummer. After six years of trying, the original <em>Legend of Zelda</em> is now on the App Store. What a bummer.

The original <em>Legend of Zelda</em>","a bit of a double-edged sword for me because I'm loving the new <em>Power Rangers</em> movie, but I'm not terribly happy about the movie's new logo."
This news is,Joy,25,13068,5,489763559,"published by the <strong>Kishida Cabinet</strong> on the 22nd of February, 2023. The <strong>2023 Fiscal Policy Program</strong> was approved by the","from the <strong>2010</strong>, December 22. The news is about the <strong>3D printing</strong>.

The goal of this project is to create a <strong>3","from The Sun.

When it comes to the British royal family, it’s no secret that Prince Charles and Prince William have a very good relationship, but what about his relationship with his little brother"
I think that,Joy,25,13068,1,2342196672,"is a great idea. I have to admit that I do not see the need for a separate ""All"" folder for my music. My thinking is:

With a large library of music, I","the best way to avoid this problem is to go to the top of the page and click on the Refresh button.

This will refresh the page and there is a good chance that the link will have","the way to write an efficient algorithm for this problem is to use the dynamic programming technique.

The idea is to consider each possible <code>y</code> value that the final sum can be, and then"
I think that,Joy,25,13068,2,1482769052,"being a “good” person is not something that is something that you can be “good” at. I think that being a good person is a state of being, or at least a way of","we have found the source of our problem.
After logging out, the ""No items to show"" message appears again after a minute.
And when we log in again, it's gone","the first thing you need to do is to get your head around the fact that when a car is accelerating or decelerating, one axle will be more loaded than the other. This is explained in the"
I think that,Joy,25,13068,3,2413835517,"the most important thing is that you have a vision of what you want to achieve. If you say you want to be a writer, then you have to have some kind of vision, otherwise you are","the best way to learn a new language is by just using it. I’m learning English and most of the time, I use Google Translate to translate text or phrases from Portuguese into English to see",this is a good thing. It is one of the reasons why I like so much the idea of the 2015-2016 season. We will have a lot of new
I think that,Joy,25,13068,4,2664978376,"’s the first time I’ve had a post that’s not about a show and I’m actually a bit proud of it.

I’m not sure what it is with me","this is true, but the problem is that the author assumes that the reader knows the difference between a real and an imaginary number. The author is explaining the idea of a number with a continued fraction,","the best way to learn is to just do it. There is no reason to waste time trying to learn about the stock market. Just go ahead and do it. You will learn the hard way,"
I think that,Joy,25,13068,5,2640082335,"the best way to get your name out there is to create a character that is more than just a normal character. Create a fan character, a character that people love and want to see more of.","if you look at the history of the last 100 years, you’ll find that the world is not a better place because of the influence of the United States.

I think that",is an excellent question. I think we are all being very honest with ourselves that we are not perfect. We are all going to be flawed and I think it is amazing what we are all doing.
"Looking at this, I",Joy,25,13068,1,3484370451,"’m going to take a wild guess that you have a plugin installed for the “Add Post” page that is causing this.

In order to debug this, you will want to go to the","feel like I'm missing something... Is there some way to select the first letter of an array?

I'm trying to do this:

<code>let letters = [""A"", ""B","'m pretty sure it's an issue with the <code>.com</code> domain. I have a test site with a <code>.com</code> domain set up, and that's working correctly"
"Looking at this, I",Joy,25,13068,2,2882075882,"think the answer is going to be no.

The <code>@</code> character isn't valid Python syntax, and there is no Python syntax which would allow such a construct.

It's",'m thinking the only way out is to just do a <code>set-product-id</code> and then set the <code>product_id</code> back to whatever you want it to be. This,"think the problem is that we're trying to do too much at once.

Firstly, we're using a <code>map()</code> to add the values to our <code>state</code> object"
"Looking at this, I",Joy,25,13068,3,2843129291,"'m not sure if I can help. It's not a bug, but a missing piece of documentation.

My understanding is that <code>.map()</code> is the equivalent of <code>","would suggest that it would be a bit too much like a “big” change. There is a lot of code here, and it is in a couple of packages, which is not a good sign","think I've narrowed it down to something to do with the ""key"" property of the table. It's not set by default and I'd love to be able to specify that,"
"Looking at this, I",Joy,25,13068,4,27600687,"think the following code works. It adds a new item to the list and then tries to write it back to the list.

<code>var list = new List<string>();
list.Add(""","think I want to do something a little different in the next version of this. I've tried a few different things, and I'm pretty happy with this:

I'm using a","noticed that <code>@nocode</code> is not in the list of articles. If the number of articles is increasing, do you think it would be a good idea to expand the category list to"
"Looking at this, I",Joy,25,13068,5,1944483157,"'m not sure that this could be fixed by the library.

@trentmoore thanks for the reply. What you mean by 'this could be fixed by the library'?

I mean","think I may have an idea of the problem. It seems like you are using a web browser to access the app, but the app itself is using a native window to display the content. It seems",'m not sure what to recommend. It's hard to find much info on the <code>--no-sound</code> option and it appears to trigger some kind of bug in the <code>--
"After hearing that,",Joy,25,13068,1,3420514201,the three of them looked at each other and nodded at the same time. They didn’t say anything. They turned around and headed to the direction of the city gate. When they arrived at the,"the two girls on the side both looked at the old man's back and shouted in unison: ""Senior sister, I'm sorry!""

The old man stopped, turned and looked at them","the woman with the short black hair immediately understood what happened. She quickly got up and went to the front desk to call the security guard.

“Miss, what’s wrong?”

“Call"
"After hearing that,",Joy,25,13068,2,590018387,"the other two also nodded in agreement.

""It's been a long time since I've seen my friend. Today, let's have a drink with him.""

""Yes,","everyone in the hall stood up. For a moment, there was silence as if the air had stopped.

""How dare you? Why don't you tell me who you are?"" The man","the man's face fell to the ground, and he was completely stunned.

""God, the man who used to be the emperor of the ancient times, the man who once ruled the entire"
"After hearing that,",Joy,25,13068,3,1981139042,"everyone present was stunned.

Even those who were not from the royal family looked at Tang Tianxu in astonishment.

If the Tang family really had such a close relationship with the royal family, then","everyone was shocked.

They never thought that the people they had met were the murderers who had killed countless people.

The murderer who had killed so many people was in the same city as them.","the other three people did not say much.

However, they were all shocked.

What kind of background is this person?

It was so easy for him to get into the Demon Kingdom."
"After hearing that,",Joy,25,13068,4,1076791110,"the little girl couldn't help but hug the man tighter.

""I'll bring you to see your grandmother,"" The man said with a smile. He then placed his finger against her cheek","I decided to take a stroll.

The moment I arrived at the door, I saw a guard who was about to lead me back.

“Sir, the Duke has asked you to go back","the three people who had just left the restaurant fell silent in shock.

“So he did it alone?”

The person who spoke was a man in his twenties, and his name was Jiang Chen"
"After hearing that,",Joy,25,13068,5,2551887213,"Yu Tianlong said, ""that's it.""

""What's that?""

Yu Tianlong said, ""the killer was killed by my son, Yu Qinghan. I don'","the girl couldn't help but blush.

""In that case, I'll be leaving now."" After saying this, she took a deep breath and turned around to leave the place.",I thought it would be a good idea to get some back support to go into the bed. I looked at about 3 different types and went with this one. I read a lot of reviews before
The situation seems,Joy,25,13068,1,1576094040,to have become more serious for the Delhi government. The city has been facing a shortage of oxygen for the past few days and the situation is being aggravated by the shortage of Remdesivir injections as well,"pretty clear from the beginning. The man takes you to his hotel and then takes you to a ""secret"" room where he is going to have sex with you. What's the problem?","to have been gotten out of hand. The number of people in the hospital is increasing, the number of people who have died due to the disease is also increasing. The number of people who have been"
The situation seems,Joy,25,13068,2,2983328349,"to be under control, but there are still risks in the long run

[User 0001]

<b><i>But there are still risks in the long run.</i></b>
<b>","to be getting worse with the 2019 model year. Here’s the video for the 2019 D4S Passat.

https://youtu.be/Q6",to be getting worse and worse. The number of deaths and injuries from car accidents has been increasing since the beginning of the year. This is partly due to the fact that many people are taking the threat
The situation seems,Joy,25,13068,3,1399462663,"to be getting worse for the victims of the deadly fire at the Moradabad Central Jail. As per reports, the Uttar Pradesh government has sent a team to the Moradabad jail. The team","simple enough on the surface.

The city of San Francisco is suing the state of California over a new law that puts limits on how much rent can rise in the city. The city argues that this","to be improving in India in terms of the COVID-19 pandemic. The cases are on a downward trend with the daily average falling under 10,000. The health infrastructure is"
The situation seems,Joy,25,13068,4,99042104,to be getting worse. The latest data shows us that the number of cases here in the United States is steadily going up. It seems we are at the height of the pandemic and our healthcare systems are,"to be getting worse, with the number of cases in the city rising. The number of cases in the city has been steadily increasing over the past few weeks. The last time it hit a peak was","to be getting worse as the country continues to record a surge in Covid-19 infections.

While it is not yet known if the country has entered the fourth wave of the disease, the country"
The situation seems,Joy,25,13068,5,320374687,"to be improving. 

We have two weeks of data that shows a clear decline in the number of new cases, hospitalizations, and deaths, which is very encouraging. 

We’re","to have improved in the last 24 hours.

The government was set to take the decision on Sunday by 11:00am, but has instead decided to take it at","to be more chaotic than ever, and the war in Ukraine is getting worse and worse. The various countries that originally supported Ukraine seem to be a little reluctant now. Many European countries are now calling for"
My reaction is,Joy,25,13068,1,3831394377,"that it is the equivalent of having been born in the wrong era in a society that has never fully recovered from the Second World War.

It is the equivalent of being born in the wrong era in","the same as yours. I'm not sure if it's because it's so early or because he's so cute. But I love little babies!
I'm the same",":

What the hell? Are you kidding?

This is the only sentence I can think of, because it was so shocking.

I went to the office this morning. I had some things"
My reaction is,Joy,25,13068,2,4035236983,"probably very common for a lot of viewers of the film, and I wonder how many people feel that way. The ending is really disappointing. I felt like it was a wasted opportunity to make a better","one of shock, but I'm not surprised.

I'm sure the majority of people in this country have read the Bible, but they are not familiar with its contents, except for the","basically the same as your's, but I think I would have liked to know more about the general concept behind it. I don't know if this was the purpose of the video, but"
My reaction is,Joy,25,13068,3,1567110485,"probably the same as yours.

Then again, I don't think I'd be very excited about getting a new ""friend"" for my cat.

""That's why we need","one of total surprise at this result.

The Democrats had been the party of tax increases, and the Republicans the party of lower taxes, but that is not how the voters perceived this race.","the same as yours. I am glad that my wife does not read them here.
I don't know who else was posting, but I don't think it is the same. The"
My reaction is,Joy,25,13068,4,3274486378,"to start a new one.

Don’t worry that I haven’t posted much here over the past few months, I’ve just been busy, busy, busy with life.

I","that I am not a big fan of the idea of a general relativity version of the Higgs being a scalar (and the Higgs boson is a scalar).

The reason is that the Higgs mechanism is a",to always make people aware of the options they have. I’m a very direct person. I’m very open about what I want from people. I know that I’m hard to get
My reaction is,Joy,25,13068,5,3529036504,"that this is a case of being too clever by half.

I think that any decision to use a digital camera to capture the memory of Christmas day is a good decision, but I would not suggest","to get very angry and then feel guilty when I'm angry, but I don't know what to do with all of this. I'm 18, and it has been going",":

""This has to be a joke, right? You can't really be serious?""

And then I have to realize that this is really the case. My husband is not a big"
Today I feel,Sadness,25,66,1,1658206846,like I’m writing a letter to myself. I don’t really know why but for some reason I feel like I need to write a letter to myself. It is the end of another year,"like sharing some of my daily habits that I’ve been practicing for the past few years.

I do believe that some of these habits are just routines that we often do without even thinking about them","like I’m experiencing the biggest challenge of motherhood so far.

The challenge is that I am now a mom of twins and I am feeling the most alone I have since before I even had children"
Today I feel,Sadness,25,66,2,4226457975,like I’ve been in a bit of a funk. I’ve felt down and tired. I’ve been in a funk. I’ve had a few nights where I couldn’t,"like showing you the same kind of outfit, but in a more formal way. I’ve worn it three times now (all the times being in a week), and I’m sure it will","like 50% of me is just me and the other 50% is my dog. I’m not proud of this, but I don’t know what else to say."
Today I feel,Sadness,25,66,3,2624702145,"like sharing one of my favourite photos from my trip to Italy. I’m not sure if I’ve posted this one before, but here it is!

The photo was taken in Naples,","like a true American. I was born in the United States of America, but now I am a citizen of the United Kingdom. It’s strange, isn’t it? I am a citizen",like I’ve been hit by a truck.  Yesterday I felt like I had walked on air.  I felt like my life was back on track after finally getting some rest and sleep last night
Today I feel,Sadness,25,66,4,1083011045,"like I’m writing a book report, albeit a fairly short one.

Read the book first, please.

<strong>The Book:</strong> <em><strong>The Art of Gathering: How We Meet",like I am a bit more familiar with my role as a 90 day visitor.  I have been here for a week.  I am still figuring it out.  I am still learning,"like sharing the 100th piece of content from the #100DaysOfDevOps challenge for this month.

I’m participating in the #100DaysOfDev"
Today I feel,Sadness,25,66,5,940472686,like I have to let the world know how amazing the people at the office are. I have been going to them for a long time and they are always very professional and helpful. They care about there,"quite proud.

Yesterday I posted a link to an article, written by me, about the problems of our food system. I was, of course, referring to the article that I wrote for The",sad and depressed because I lost one of my close friends. She was a big fan of BTS and I told her to stay with the group and she did. But one day I told her to get
The weather is,Sadness,25,66,1,1555864577,"starting to get a little better and we are all looking forward to being able to play more golf.

I was out at Great Ayton Golf Club last week and their greenkeepers were out working hard","perfect for the third annual 5K run and walk, and the YMCA of the North is gearing up for its biggest event of the year.

The event is set for Sept. 8 at","heating up and so are the temperatures!  It’s time to get your air conditioner ready for the summer ahead. Your home’s AC is a crucial part of your home’s comfort,"
The weather is,Sadness,25,66,2,1762707086,"heating up, so we’ve decided to <em>cool down</em> with some of the best ice cream flavors in town! 

<h1>What are some of the best ice cream flavors in town?","getting better and the time for you to make a visit to the beach is getting closer.

To help you get ready, we’ve compiled a list of our favorite beach accessories to ensure a fun","not the only hot topic these days.

The <strong>2016 presidential election</strong> has taken center stage, and, as a result, the <strong>2016 Academy Awards</strong>"
The weather is,Sadness,25,66,3,59758922,"finally starting to get hot and that means one thing, it’s time to get outdoors.

That’s why we have selected 10 of our favourite outdoor items that will help get you","turning, the leaves are falling and the days are getting shorter – it must be autumn. One of the first things we all want to get ready for is the changing of the leaves. Although this is","set to turn this weekend as Storm Barra is set to bring the first weather warning of the autumn.

The Met Office has warned of heavy rain and strong winds in parts of the country.

The"
The weather is,Sadness,25,66,4,3554682691,"finally warming up, which means I need to start making sure my house is ready for the spring. And, as I’m sure you all know, a big part of that is making sure my",hot and we're all looking for ways to stay cool inside our homes. We've had a few heat waves in the Bay Area and it's been pretty miserable. There are ways to,"still warm enough for the kids to wear flip flops in the yard.

The other day I was at the pool and, much to my surprise, there were a couple of kids wearing Crocs."
The weather is,Sadness,25,66,5,792906475,"getting colder, and the days are getting shorter. There's something about fall that makes me want to stay inside and embrace the coziness. As I look out my window, I can see the","cold, the snow is falling, and the days are getting shorter. The holidays are just around the corner, and we have some ideas to help you get into the Christmas spirit.

The first thing","getting cooler, which means it's time to switch up your skincare routine to make sure your skin is in top shape for the colder months.

With the cold air and wind, your skin will"
This news is,Sadness,25,66,1,2366506030,"a bit of a throwback, but one we couldn't ignore. If you're reading this, you're already familiar with the project, but if not, let us tell you about it",for those of you who are interested in using the new <strong>iPhone 14 Pro</strong> or the new <strong>iPhone 14 Pro Max</strong>. It has been revealed that there will be,"true. 

The 2014 NBA Draft will take place in Brooklyn, N.Y. 

It was announced by NBA commissioner Adam Silver on Tuesday, and the Nets will serve"
This news is,Sadness,25,66,2,706905510,"not good for the residents of the United States.

The government is going to impose sanctions on the Russian banking sector, according to the media.

The Wall Street Journal reported on Wednesday that the US","going to break your heart. But it’s important that you read this article. And it’s important that you share it with everyone you know.

A child with cancer was recently diagnosed.",bad for the people who want to get married at the end of the year. The marriage is now banned in the Netherlands for the time being. The government has decided to ban all marriages and civil partnerships
This news is,Sadness,25,66,3,2685226408,"great. I hope to get an iPhone 11 Pro sometime next year.

""Apple has added support for the iPhone 11 Pro camera to the company's ProRAW mode, which","from the Indian Express

A 10-year-old girl died and her father was seriously injured after a wall of a temple in the village collapsed on them. The incident took place on Friday","old, but it still deserves to be shared. In May 2009, the <em>Journal of American Physicians and Surgeons</em> published a fascinating article by a man named Michael H. Hart"
This news is,Sadness,25,66,4,1301203043,"coming from the National Sports Authority.

The Government of Ghana has decided to hand over the National Sports Stadium in Accra to private investors for better management and development purposes.

The stadium is currently being rehabilit","very important for you, You can see the latest news of <strong>Jio Fiber - Jio Fiber Full Form, Plan Price | JioFiber Full Plan List 2021</strong>

<h2>J","a 2017 story from the New York Times.

https://www.nytimes.com/2017/11/14/science/trees-trump-global"
This news is,Sadness,25,66,5,1227159179,"also making headlines in the <strong><em>BBC</em></strong>, <strong><em>The Guardian</em></strong> and <strong><em>The Telegraph</em></strong>. The <strong><em>Financial Times</em></strong> also reports that China","from the website and was sent in by a reader.

The new 2011 Chevrolet Cruze is coming to the Canadian market in early 2011. Chevrolet has confirmed the",made possible in part by the support of our readers. We are an independently owned and operated news site. Your contributions make it possible for us to continue providing you with the kind of reporting you can'
I think that,Sadness,25,66,1,1978774527,"he will be a very important character to the series, so much so that I think he will be a part of the story until the end. He will be a very important figure for the story,","is how she was shot. I have not seen her.
She is in a casket at the cemetery. She is not in the hospital.
I am sorry, but I cannot confirm due to","the idea of opening a new restaurant in a time when most people are concerned about the environment is a great one. I have a lot of respect for those who are willing to take this risk, and"
I think that,Sadness,25,66,2,1130644244,"the <code>.gitignore</code> is the most important file on a git repository. It is the file that determines what is included and what is excluded from version control.

If you don't","there is a lot of potential with this game. The idea is great, the presentation is great, the music is great, the art is good. I think that the game is in need of a","if you were to ask a lot of people about the most important skills and tools they feel they need in order to be successful in their careers, you’d get a lot of answers that basically look"
I think that,Sadness,25,66,3,1316429288,the biggest issue with the current system is that the amount of experience you get from a mission is not tied to the difficulty of the mission. It's more like the time that you spend on the,"a lot of people have been wondering if this is the case. Today, I want to talk about why there is an increased amount of people that are interested in the idea of going back to school for","there are many ways which can be used in order to solve the problem of the use of the English language in the workplace.

Firstly, the employers can make a lot of effort in order to teach"
I think that,Sadness,25,66,4,4039437593,"the best way to understand how to apply a strategy is by going through an example.

Let’s see an example of a strategy that can be used in a stock market investment.

I’",I've figured it out. I have an 84 300D TD. I believe the engine is a W123. The engine is a 2.6.,"it is possible to be a good person, but still have a good dose of sarcasm.

I think that's why I get along with so many people. I am not a naturally sarcastic person"
I think that,Sadness,25,66,5,3662427060,"the biggest difference is the size of the families. My family is pretty big and my friends are pretty small. I have 4 siblings, and I am the youngest. My friends are pretty small too","the best part of this is that you can use the information given in the problem to set up the equations for the problem.

1. (2x+y)+(x-y) =","the best way to do this is to take a look at the code. In the <code>View.js</code> file, you can see the <code>update</code> function that redraws the view."
"Looking at this, I",Sadness,25,66,1,3307208874,"think I have a pretty clear idea of what the problem is.
The problem is that the <code>/</code> is being interpreted as a file path, and in this case, the path is incorrect","can see it's a bit different that is the way you think about it. You might want to just take a look at this post and see if it helps.

http://stackoverflow.com","'m not sure if this is the intended behavior. But it might be useful if you have a <code>template</code> attribute on a <code><Route></code> tag. If so, it should"
"Looking at this, I",Sadness,25,66,2,1595954426,"have to admit that I don't really understand how to do this. I have a simple example that shows the problem:

1. Open the file <code>test.json</code> in the """,'m starting to think that the problem is that it's not a <code>foreach</code> in the first place. What is actually happening is that you're using the <code>if</code> to,"can see that the <code>~</code> operator is used in the code, which is a syntax for the <code>~</code> operator.

You can see that this is defined in <code>inttypes"
"Looking at this, I",Sadness,25,66,3,1546569475,"'m not sure if there's a simple solution.

For the first issue, I think you're right that it would be better if we could have a function that takes a list of","'m assuming you're talking about the ""old"" style of the game, which is the 2.0 version.

That was made in version 3.0.0, which","see it's missing the <code>#</code> for the environment variable. Can you try adding that and seeing if it works?

Thanks! I'll try that now.

I'm"
"Looking at this, I",Sadness,25,66,4,2736758094,"realized that there are two major differences between the two:

1. <code>@DependencyInfo</code> is only used for inlining the dependencies to the methods, while <code>@DependencyInfo.All","think it's a good idea to move the <code>--</code> to the front of the argument list.

@hhester I agree, but we need to be able to pass a string","think this is probably a bug. <code>print_json</code> is a method of <code>BaseSerializer</code>, not <code>ModelSerializer</code>.

@k-kobold thanks, I'll"
"Looking at this, I",Sadness,25,66,5,2178447039,"think it's best to keep this going along with the other issue.

I'm going to close this issue for now, as it's not specific to this plugin.

If you","think that the two problems are related.

First, there is a mismatch between the <code>.js</code> files that you're using and the <code>Index.js</code> file that you'","'m not sure it's a bug per se. As I understand it, the <code>@id</code> tag is meant to be used as a reference to a resource from another application, and"
"After hearing that,",Sadness,25,66,1,1694694680,"they immediately started searching everywhere in the house. They didn’t find anything, though.

It was around the same time that the police arrived at the scene. The police came to investigate and find","the three girls immediately turned their attention back on the scene.

“This is too great! The scene is really big. I’m going to see that scene myself.”

“I’m","Lin Ming was dumbfounded and speechless.

No matter how you look at it, this person is a bit like an old farmer, and he is very simple.

""Lin Ming, I'm"
"After hearing that,",Sadness,25,66,2,2245590775,"Lin Dong also felt a little bit awkward.

""Senior, what do you mean by that?""

Lin Dong frowned slightly, and looked at Luo Tian with some doubts.

""I mean,","I was like “WHAT. The. HELL. No. Lol.”

I’ve got to admit, I actually really like it, though I’m not going to say I approve of it","the man in charge of the three-person team nodded, and then said to the others: ""You three, please lead them to the warehouse, and tell them that the materials they need to make"
"After hearing that,",Sadness,25,66,3,2504062268,"the other three people also laughed, and then said, “Why are you so anxious to die? Do you really think that we are together? I think you are just a small role in our hearts","I immediately went to the basement. I found a metal box near the wall. I looked around and saw the place was empty. I decided to open the box. I found a ring, a necklace","the people of the entire Yuan clan were in an uproar.

In the Yuan clan, there are many people whose cultivation is higher than that of the Yuan clan ancestor, and even many people who are"
"After hearing that,",Sadness,25,66,4,2174219582,"I could only look at his actions in disbelief, I did not know how to react.
I had never really thought that he was interested in me.
Then I looked at his eyes and they","the three of them began to discuss in whispers.

The three of them finally made up their minds.

“I’ll try the one that’s most expensive first, and if it doesn","Emperor Wu of the Tang Dynasty was stunned for a moment, then smiled and said, ""It's okay, I'm not afraid that you will lose the face of the Tang Dynasty, and"
"After hearing that,",Sadness,25,66,5,1844338789,"I went to the kitchen to check out the food that she had made.

“Looks good!” I said.

“Yeah, it’s the best thing I can do for you right now","I'll admit I looked at the window and said, ""Yeah, I can see that.""

I'm not one to brag but I can see that too. It's really quite","the girl in the red dress asked, ""I see, then your request is to let me use my body to make a deal with the demon?""

The young man shook his head and said,"
The situation seems,Sadness,25,66,1,3125914593,"to have calmed down a bit in the past few days, but it is also difficult to see any signs of a solution in the near future.

In the meantime, the prices for the last few","to have become much worse. Last month, two men were killed and 13 others were injured in a shooting at a nightclub in Orlando. The incident was the deadliest mass shooting in the US history","to be getting worse for the people who live in the area.

It looks like the government is not going to do anything to help the people who are living in this area.

The government is"
The situation seems,Sadness,25,66,2,2389573015,"to be getting out of hand as well.

But the situation seems to be getting better.

The situation seems to be getting worse.

The situation seems to be getting worse.

The situation","hopeless, but I’ve found a solution.

My 12-year-old son has been diagnosed with a condition called Attention Deficit Hyperactivity Disorder, and I have been advised that medication","to be easing up for the residents of the city. The number of active cases has fallen to 13,000 from over 25,000 in a span of"
The situation seems,Sadness,25,66,3,2205718903,"to be changing for the better for the U.S. economy after the disappointing February jobs report. The U.S. economy added 85K jobs in March, beating the expectation of","to be getting more and more difficult for the <strong>Naples</strong>, which is not only having problems to find a way to get out of the crisis that has been going on since the end of November","to have deteriorated. The 30-year-old man had been missing for about a week.

<h3>The search is intensifying</h3>

The alarm was raised by the parents of the missing"
The situation seems,Sadness,25,66,4,1220458099,"to be so far beyond control that the Government appears to be considering asking the European Union to help us with our health care system. We are in a health crisis that is not only unprecedented, but it","to be clear. This is what the head of the Ministry of Health of the Republic of Armenia, Arsen Torosyan, said today about the measures taken by the authorities to address the coronavirus pandemic.","farcical, but it’s real, and it’s in the news — and it could happen to you.

You’ve been looking forward to your vacation. You’ve been"
The situation seems,Sadness,25,66,5,4156953752,"to have come to a head in the last 24 hours, with the 100% rise in the number of cases recorded in the past 7 days and the need to stop the","to be this:

* A user wants to create a new user. Their information is provided by the user, and they are sent a confirmation page.
* On the confirmation page, there is","to be getting out of hand in the United States of America. And from the looks of things, the problem is only going to get bigger in the coming days.

The situation is getting out of"
My reaction is,Sadness,25,66,1,1215465285,":  YESSS!  I want to read this one too!!!  I have already read the first book, and enjoyed it.  I think I am reading book 2, but I","the same as yours.

I'm a little confused as to how the ""new"" version is being made available to existing users, because I'm assuming that most of the people who have","the same. I think it does get better and I agree with the other person saying that the first few days are the worst...
I've noticed that it is better on a full day of"
My reaction is,Sadness,25,66,2,2544128230,"the same. I am a 46 year old white male.

But I thought it was a bit odd that it wasn't a black person on the ground.

I think the only","this:

If I’m the boss and want to get something done, I will (almost) always make sure that I have a good plan.  Even if I am not the one doing","that it's odd that <code>std::string</code> is a <code>const char*</code> (it isn't in C, but C++ has no problems with that). The string is"
My reaction is,Sadness,25,66,3,1098863483,"that the only way this is a problem is if the child is not able to fit up there.
We have a narrow ladder and my kids have a hard time getting up there. I really prefer",the same as yours. This is the worst worst thing. I'm literally on the phone with my doctor right now because I'm so upset. I know that when I go for my next,"that I think it’s a bit rude.

I could see that as a question to me on a form I’d fill in for something, but I wouldn’t expect that as a"
My reaction is,Sadness,25,66,4,2661413478,"the same as yours, but I have a solution for you.
Get a bigger gun. I have a 20-round 44 mag revolver that I use to carry in the woods",similar to yours. I can't believe I can't think of any other way of saying it. I'm not sure it's a good idea to have a 100,"to groan and say, ""I hate you.""

I love you, but I can't stand you.

I love you, but I hate you.

I love you, but I"
My reaction is,Sadness,25,66,5,1194128406,"the same as the commenter above: you are going to have to tell me what you mean by ""so I have tried to get on the list for the waiting list"". If you were already part of",that the <strong>San Diego Chargers</strong> are a team that needs to figure things out quickly.  They are 0-2 and starting a season that they really need to end up being a playoff,"the same. I am not sure why the game is so aggressive, because their is no real benefit to doing so. Just the opposite in fact.

I would have expected more consideration for the player"
Today I feel,Anger,25,8662,1,1340530416,"like I need to make a very clear statement.

I don’t care about your opinions on anyone that you think is not as good as me.

I don’t care about your opinions","like I’m on the verge of being the next person to get the big break.

I have a lot of confidence and I think I can handle most of the stress that will come with being","like I got to be a part of something really special! I’m excited to say that I was part of a shoot with the AMAZING photographer, Matt Kloskowski. We had so much fun"
Today I feel,Anger,25,8662,2,2857376698,like I’m on the cusp of something. I can sense it. I feel it in my heart and bones. I feel it in my blood. I feel it in every cell in my body,like I’m in the middle of a madhouse. I’m trying to get ready to go to the beach and I feel like I’m chasing my tail.  The girls are so,"that we have gone through the dark night of the soul.

The truth is, it takes a lot of courage and strength to allow yourself to experience this.

I am scared, I am afraid"
Today I feel,Anger,25,8662,3,3787682615,"pretty good, because I just finished a project I’ve been wanting to do for a while. The project is a way to put a non-destructive layer of transparency over your images to create a","like talking about my thoughts on the characters of the show. I've seen a lot of posts of people's thoughts on the characters, so I just wanted to put my two cents in.","the need to share my excitement with you.

I’m not talking about a new guitar or a new pedal, though those are nice things to have. I’m talking about the fantastic job"
Today I feel,Anger,25,8662,4,3854801864,like I need to take care of some things. It's been a very long time since I have gotten up and gone to work. I have been feeling very disheveled and not my normal,"like I have to write something. I've been so busy lately and my mind has been in overdrive. I really need to write this, I feel like I'm going to have a breakdown",like I am sitting on the edge of a precipice. I am so close to my goal and I am terrified. I have been working on this project for almost two years and I am finally getting to
Today I feel,Anger,25,8662,5,1430939599,"like sharing with you my favorite, most used, most successful and most time-saving tricks and tips in the kitchen. I am just so happy when I come home from a busy day at work and",like I have a lot to say. But I don’t want to write a novel. A book is a different sort of thing. The stories I tell in this blog are much more limited in,like doing something that is not very common for me. I am going to teach you a trick that you can use to make a very realistic picture look like a piece of art. This trick will take
The weather is,Anger,25,8662,1,1244555308,"finally starting to get a little nicer, which means it’s time to get out and do some outdoor activities. But what kind of activities are you looking for? Are you into water sports? Or","getting warmer, which means that many of us are getting out more. While this is wonderful, it also means that spring is typically a time for spring cleaning. While you’re busy getting your house","nice, the rain is over, and the air is full of little critters. Spring is also the time of year that the state of New Hampshire inspects the roadsides throughout the state to ensure no"
The weather is,Anger,25,8662,2,2497596085,"improving, the flowers are in full bloom, and the spring festival is coming. This is a good time to get together with family and friends to visit the peach garden and see the peach blossoms.",looking great for the next few days so it’s time to dust off your bikes and get out and about. The good thing about biking is it’s great for all the family as you can,"getting warmer, and it’s time to break out the sandals! Whether you’re looking for a new pair of sandals for yourself or stocking up on gifts for the summer, we have just the"
The weather is,Anger,25,8662,3,175865373,"hot, the sun is shining and the kids are out of school. That means the summer is here and, for many of us, it means one thing: vacation!

But just because you’","terrible, and you’re stuck inside. You’re ready for a movie, but your movie night is ruined by the fact that you haven’t watched it yet.

You’re at","warming up, school is out, and that means it’s time for another summer of free, fun, and free!

I’m a huge fan of free activities, and I’m"
The weather is,Anger,25,8662,4,2082284417,"getting warmer and spring is on its way, which means it’s time for the annual spring clean-up.

While many folks are excited to do a deep clean, the process can be a","warming up and that means it’s finally time to put away those snow pants and ugly sweaters. But don’t worry, it’s not too late to get yourself a new look for spring","improving, and what better way to enjoy an afternoon than by spending time on the water?

The 189th Precinct is hosting a fishing contest for all ages on Saturday, June 1"
The weather is,Anger,25,8662,5,3993146061,"starting to heat up, and we’re getting a little close to summer, so it’s time we start thinking about the holidays.

But before you start planning your family’s Christmas and",nice and the streets are clean in the city of Sanya in Hainan province. I am now a foreign student in a Chinese public university and I am very happy because I feel like I'm,"getting better but not always in the mountains. The past few weeks have offered us lots of opportunities in the city, but the mountains have been more intermittent. We have been fortunate to be in the San"
This news is,Anger,25,8662,1,2033026385,"great!

The new season of “Downton Abbey” premieres Sunday, September 21 at 9 p.m. EST on PBS, so there’s still some time left to catch","a little bit of a surprise, but it’s not!  Disney has officially announced that they are bringing back <strong>The Muppets</strong> to the Disney Channel!

They have also released a","from the <strong>South China Morning Post</strong>, <strong>February 2, 2011</strong>, and is in response to my March 2010 blog post <strong>“"
This news is,Anger,25,8662,2,3255596112,"from the 1930s. In 1950, the three major American news agencies, Associated Press, United Press, and United Press International, merged. The new agency came","from the International Business Times.

The Supreme Court has rejected a plea to ban the sale of cigarettes to people below the age of 21.

The court has also rejected a plea to increase","a bit too late, but it is good news all the same.

<blockquote>A family of six has been displaced after a fire broke out at the complex where they lived in San Francisco’s Outer"
This news is,Anger,25,8662,3,590568140,"a bit of a shock. 

The Canadian Forces have decided to cancel what was to be a 35,000-kilometre flight across the country in a privately owned, state","in the same vein as the recent post about the new <em>Harry Potter</em> films moving to <em>Warner Bros. Home Entertainment</em>.

<em>Warner Bros. Home Entertainment</em> recently announced that on","very disappointing.

If you are a true football fan and you were born in 1990 or earlier, I am sorry, but I have some bad news for you.

I am"
This news is,Anger,25,8662,4,598826936,"here to inform you that today, December 17th, the famous YouTuber <strong>Jake Paul</strong> he was arrested for allegedly hitting a man with a baseball bat.

The former Disney Channel star","not good for the fans of <strong>The Vampire Diaries</strong>. The CW has canceled the <strong>TVD</strong> spinoff. The show was created by Kevin Williamson, and it starred <strong>The","brought to you by the letter “E” in the alphabet. In honor of National Nutrition Month, we are using nutrition to help the environment.

Why is this important? Well, it’s"
This news is,Anger,25,8662,5,4081539516,"a little late, but it is very much worth the wait. After a long and arduous draft process, the 2016-17 NHL season is finally here. There are plenty of","great! Anyone who can stand in front of a crowd and talk about the things that matter, is a hero in my eyes.

I hope he brings this message to the masses.

Wow!","coming late to me. I had not heard about this until a few days ago when I picked up the magazine from the library. I don’t know when the article was written, but the cover"
I think that,Anger,25,8662,1,883973043,we should be able to make a 2nd version of the same mod and include it’s updates in the other version. Also I think it would be cool if you could upload a mod and,is a good idea.  I tried it a few times and it was very confusing trying to figure it out.  If it is a one time thing it would be a lot easier.  I,"when I was in college I started hanging out at the bookstore a lot, and I was always looking for books to read.  And so I started looking at the shelves and I found this book,"
I think that,Anger,25,8662,2,1562313670,the best way to go is to build an extension block on the left side of the post and use it as the column. That should allow you to have a new top rail for the top of the,a lot of the people that work at this place are nice and the food is good but the service is pathetic. I've waited over 45 mins at the drive through for a 6,"in addition to all the good work that we have been doing in the area of the environment, we should be doing even more. We had a lot of good news this week, for example, on"
I think that,Anger,25,8662,3,2523070816,this is a very nice idea for the game! I'm happy to hear that you've got that far! I would have liked to see a bit more to this idea though. I think,it's about time to address the elephant in the room that is the <i>Stargate SG-1</i> universe. The <i>Stargate SG-1</i> series is currently in it',"the best way to start preparing yourself for a big exam is to read a book about it. If you are studying for a test, then you should start by reading a book about the test. This"
I think that,Anger,25,8662,4,2887483678,"the most difficult thing in our world are the people.
I think that we live in a world in which people are divided on all the issues, on all the political parties, on all the things","’s the most “me” quote I’ve read so far. It feels like something I’d write.

And you are right, I do tend to go in circles.

I","this is a great book to read. I do not think that it is long and boring. I think that this book is great, well written, and has a good message. I like the way"
I think that,Anger,25,8662,5,1223253401,"the biggest mistake that parents make when they’re trying to get their kids to eat healthy is that they <i>force</i>.

They force their kids to eat vegetables.

They force their kids","I have already written about the problem of the non-standard behavior of the <strong><em>isset()</em></strong> operator in the PHP 7.1 version, in the article <strong><em>How to","you are asking if a function that takes a positive integer as a parameter and returns a positive integer is always increasing.

The answer is no. An example is $f(n) = n^"
"Looking at this, I",Anger,25,8662,1,3569654831,"have a couple of questions:

1. What exactly is the issue? You have a dropdown with 10 items. You want to be able to select the first item of the dropdown?","think this is just the same as a user attribute. The only thing that’s different is that you’re adding it to the user’s profile, as opposed to just to the user.","think it's just a matter of the <code>.html</code> file not being recognized as a file with appropriate extension to be opened in the editor.

It looks like there's a"
"Looking at this, I",Anger,25,8662,2,3690152661,"think the correct solution is to do two things:

1. Remove the <code>.</code> from the <code>file_name</code>
2. Change the path to <code>%custom_file","think you're right. I was looking to see if there was a way to set the ""default"" value in the config file without having to set the value in the .env file.","feel like I am doing something wrong. I am using 3.2.4. I have a simple page with a grid of 4 text items, and a button to delete the selected item"
"Looking at this, I",Anger,25,8662,3,1669174228,"don’t know what it is about, but I can see the appeal.

It seems like an interesting concept, and it’s definitely a nice design.

But I can’t help","would suspect a few things.
- the ""n"" in the path is the serial number
- the ""n"" in the name is the serial number
- the ""n"" in the","immediately realized that this is a beautiful, simple, and clean design.

The simple and clean design of this UI makes it easy to understand and navigate, which is a key factor in user experience."
"Looking at this, I",Anger,25,8662,4,4207803639,"think my best bet would be to add the <code>.build</code> directory to the <code>exclude</code> section of the <code>package-lock.json</code>.

This would be nice to have","can see that it seems to be using a 32-bit integer. Could you try to use a 64-bit integer instead?

Yes, I tried the same, but I","can see the problem, but I have no idea how to fix it. I don't think I'm doing anything wrong, so I'm not sure where the problem is.

I"
"Looking at this, I",Anger,25,8662,5,1481555929,"think the solution is to ignore the text nodes.

This is not really a bug, and I'm not really familiar enough with how the style parser works to figure out how to fix this.","'m wondering if you're seeing something that looks like a ""bump"" in the data. That is, it looks like the data is not going where you would expect it to go. The","'m wondering if the issue is more of a missing <code>--output</code> option or something like that.

I think the reason this is being ignored is because there's no <code>--"
"After hearing that,",Anger,25,8662,1,3341371114,"the man’s eyes lit up.

“That’s right! I’ll definitely do it.”

“If you don’t believe me, then just come and see me in the","Shen Chen was immediately angry and shouted, ""That's because you are not at your best when you are in a bad mood, so you don't look like a woman at all. ""","the old man was very angry.

He shouted in a deep voice, “What do you mean?”

“What do I mean? The fact is that I have bought out the share of the"
"After hearing that,",Anger,25,8662,2,1165699946,"Su Yu's face turned cold.

At the same time, she also felt a chill in her heart.

This woman didn't seem to be deliberately teasing her.

What made her","her eyes turned red.

“I’m sorry, that’s not a lie. With my current strength, I can’t stop the attack of the Divine Dragon from the Abyss Kingdom.","I quickly asked, “Uncle, what can you do?”

“It’s simple,” the old man replied. “All I have to do is to take the pill and it will bring me"
"After hearing that,",Anger,25,8662,3,271287779,"Lin Xiao was furious and said coldly: “I’ll give you one last chance. If you dare to make a move, I’ll kill you all in one shot.”

“I want","the young man gave a wry smile. ""You're just a woman, how dare you talk to me like that? What do you want?""

He had no intention of believing that she was","we walked out of the restaurant and got into an open-top van, which took us to the city center.

“It’s like a giant, whitewashed ruin. The old city is"
"After hearing that,",Anger,25,8662,4,872326533,"the two women looked at each other, nodded their heads, and made way for them to walk out. When they were far away, the two women looked at each other and began to laugh.","Lu Chen's expression froze.

He originally planned to go back to the villa and take a look at the three girls, but he didn't expect that the three girls were still in the","the woman's face turned pale. She turned to look at Yang Ming, and then asked puzzledly, ""You're a good person, but you're not in the business of matchmaking"
"After hearing that,",Anger,25,8662,5,3026972980,"the two shook their heads and stopped talking.

“Okay, I believe you! I believe you.”

Qin Chen said in a deep voice, looking a little embarrassed, without speaking.

Lu","the three of them looked at each other.

They all wanted to know what happened.

""I'm fine. That's all. ""

He said that the three of them were","Mr. Brown looked at the woman with a complicated expression.

The woman smiled and said, ""I've been a little tired recently, so I'm going to stay at home for a"
The situation seems,Anger,25,8662,1,405561937,to have changed in the United States. The recent election of a black president and the appointment of a female secretary of state have led to a new interest in African history and culture. This is especially the,"to be improving for the Indian football team, after two consecutive dismal performances against Asian powerhouse Japan, the team played a 3-2 win against Indonesia in the third match in the AFC U-2","to have become worse for the people of Jammu and Kashmir as the number of deaths due to deaths due to dengue is increasing day by day.

In the past, the people of Kashmir used to have"
The situation seems,Anger,25,8662,2,2623042724,"to be improving in the United States and its ally Europe after the arrival of the new variant of <strong>coronavirus</strong>, omicron. However, the World Health Organization (WHO) warned that it is not","to be getting worse, and the situation of the Ukrainian army is not optimistic at this stage.

After the Ukrainian army was blocked in the Donbas region, the Ukrainian army did not choose to retreat","to be getting worse, not better, as the number of coronavirus cases in South Korea has risen to 358. The country is now experiencing the worst-ever outbreak of the virus in the"
The situation seems,Anger,25,8662,3,3476726187,to be getting worse for the people of the country as the country is hit by a number of viruses. The virus is not only affecting the economy of the country but it has also started taking the toll,"to be improving in the battle to save the post office at the village’s bus station.

The Post Office is seeking expressions of interest from commercial landlords to take on the lease of the building.","to be one of a serious crisis. More than 100 people died on Saturday during the violent attacks on a military police station in the city of Kasama, in Zambia’s northern province"
The situation seems,Anger,25,8662,4,3833316618,"to be worsening for the embattled former governor of Oyo State, Senator Abiola Ajimobi.

The former governor is facing allegations of selling government property.

It was learnt that the former Oyo","to be a lot more complicated than just a simple case of the police being forced to act on a complaint.

The police say they have not acted on the complaint because the matter is sub judice",to have improved a bit in the last week with US and its allies announcing to accept Russian proposal to reduce the tension on the Ukraine border. Russia has now temporarily suspended the exercise of the military force near
The situation seems,Anger,25,8662,5,99537509,"to be improving in the country with the improvement in the number of cases and recovery rate. The number of active cases of COVID-19 in the country, which was over 2 lakh a few","to be getting worse, with the number of people infected with the new coronavirus skyrocketing in the United States. The United States will reach 38,000 cases by Thursday, and","to be rather grim for the Indian economy, with the growth rate falling to 6.9 per cent in 2012-13 from 7.2 per cent in 2"
My reaction is,Anger,25,8662,1,1151426677,"that I have no idea what to say.

I’m not even sure if I’m happy.

What’s happened has happened.

It’s done.

So I’","the same as I had last time.

I guess I’m used to having the choice to play the game I want to play.

I don’t know if this will be a permanent",", “Why not?”

It’s what we’re all trying to do in our lives, isn’t it? I am sure that it is one of the reasons why we are all"
My reaction is,Anger,25,8662,2,1238966016,"the same as yours. I guess I'm a little surprised at the lack of a response.
I'm not surprised.

People in this forum are always quick to go into a t","<i><b>""What the...""</b></i> I know I am a big fan of the <b><i>""Star Wars""</i></b> franchise and I am a collector of ""<b><i>Star Wars""","the same as yours, and I think you are onto something. I had to go back and re-read your post to make sure you are not just being facetious because of the word “s"
My reaction is,Anger,25,8662,3,3631382062,"the same, but I know you have to be able to make the time to do it. I have a 12month old baby who I don’t get to do all the things I","that this is all BS, all for the sake of doing a story, the media is just looking for anything to sell their paper.

She never went to that party, and she doesn't",that I have some sympathy for the idea that it is more useful to have a single set of rules and regulations for everything. But there is really no consistency in that; the idea was always that there
My reaction is,Anger,25,8662,4,2537874342,"not a reaction against the idea of an art school, but rather against the institution of art schools. The art school is an institution whose purpose is to turn out art school graduates, whose purpose is to","'why can't we have nice things?'

To be fair, they didn't want a full-sized version of it.

And I'm not sure that I'm a",": “I hope they do”. We're at the point where the current version of the game is an ancient relic.

Nice, but I don't think I'll play it."
My reaction is,Anger,25,8662,5,3316738571,"still the same as when I first saw it: ""What?""

But I'm not alone.

My first reaction is still the same as when I first saw it: ""What?""","a quick “Oh! that’s so cool!”
I had so much fun learning how to make them. I feel like I’ve been a part of a creative community and have been able",just like you. I'm a very quiet person and I'm good at controlling my reaction. I'm also a very shy person and I'm good at controlling my reaction. I
Today I feel,Fear,25,3410,1,3358174908,"very fortunate to have a guest post from my friend, John Miller.  He is a writer and editor, and the author of the 4-part series, <i>The Four Seasons of the","like it was a Friday of very mixed emotions. I really did not feel like going to school today, but I really did not want to leave either. I am glad I chose to go to school",like I’m drowning in the sea of information. I’m getting 20 questions a day from 20 different people a day. I’m getting texts and emails from people who
Today I feel,Fear,25,3410,2,2679698467,so inspired to share a recipe with you.  I came across a recipe for a “No Bake” Cake over the weekend.  The internet was abuzz with people saying that this cake was the,that I’m not the only one who is having trouble getting to sleep. I’ve been suffering from a slight headache. I’ve been getting up in the middle of the night and when,like I am losing myself in the process of trying to figure out who I am. I used to not care about what people thought of me. I was always the girl who was so confident in herself
Today I feel,Fear,25,3410,3,1838259420,like sharing my new-found love for the city of Madrid. I have been living in Madrid for the last eight months and I can honestly say that I love it here. There are so many things,like I am in a dream. This is a day well spent. My husband and I just landed in Houston. We are going to explore the area for a few days. This is the first time,"like I can say, I finally made it! I made it to the end of this year. I made it to 2018. I made it to 2019."
Today I feel,Fear,25,3410,4,3894481530,really good.  I have been working on the webcomic and I am getting there.  I am so close to getting it to the point where I can post it up and get some feedback.,"so down, and you're not here. I feel so lonely here, lonely and scared; I want to be around you. I want to be with you.

I feel so lost and","like a little girl again.

I woke up at 4:45 this morning and didn’t feel like getting up.  I had a headache and my eyes hurt from crying yesterday."
Today I feel,Fear,25,3410,5,156668770,"the need to write a blog post about a very important topic, which is the importance of having a good attitude towards life.

I feel that many times we are so caught up with our own problems","like I am sharing a lot of the same information, but hey...it’s the same information. So many people have asked about the same questions, so here are my answers:

<b>Q",like I’m the most miserable I’ve ever been. I was told my diagnosis and prognosis on Friday. It’s a long story but the TLDR is my tumor is a very rare
The weather is,Fear,25,3410,1,732034262,"getting warmer and spring is approaching. In addition to the flowers, the insects are also active.

It is said that the little insects are the most active in spring, and their metabolism is very strong","getting warmer! This is the perfect time to start cleaning up your yard and getting ready for the spring! If you need help with spring yard cleaning, we can help! We are hiring!

We","warming up and the days are getting longer, which means that it’s time for another issue of the <em><strong>Weekly Roundup</strong></em>.

As always, this is a list of the best"
The weather is,Fear,25,3410,2,1034537012,"getting warmer and that means longer days and more time outside. Whether you are headed to the beach or just want to relax at home, you can create the perfect setting for your patio with some simple landscaping","getting colder, and it is getting colder and colder. The little babies are in winter, and they will also have problems with their clothes, because there are so many clothes, it is inevitable that some","warming up and that means one thing – the summer holidays!

For many people, this means planning a trip away from home.

But for those who are not able to leave their home due to"
The weather is,Fear,25,3410,3,1476610839,"finally getting warmer and the days are getting longer. It seems like it will be summer in no time.

Many of us are starting to get into a summer ‘routine’, like hanging out with friends","starting to cool down, which means fall has officially arrived. It’s the perfect time for a new look.  

With the season change you can think about a new hair color or a new","still quite warm in our area, but the temperatures are starting to drop. It's time to start thinking about getting your swimming pool ready for the winter.

Many have already drained their pools and"
The weather is,Fear,25,3410,4,1357621650,taking a turn for the worse and it looks like it’s going to rain on our parade. Our team was expecting to bring in a couple of vehicles to the 2019 Chicago Auto,"getting colder, and the snow has begun to fall. It's time to think about winter tires. Whether you drive a car, SUV, or truck, you need to have winter tires. This","getting warmer and our thoughts turn to vacations. Whether you like to hike and enjoy the outdoors, or find solace in the beach, there are certain things that make travel more enjoyable. And for me,"
The weather is,Fear,25,3410,5,3352972074,"warming up and the sun is shining. It is the perfect time to spend time outside. If you are looking for ideas to enjoy the outdoors with your children, consider taking advantage of the free family days",warming up for us here in the Eastern Cape and with it the advent of a few new species to the area. We have had a few new species recently including the first record for the Eastern Cape of,"getting cooler. I’ve been busy inside so I have been on a hunt for a good pair of boots.

I have been looking for a pair of tall black boots to wear with skinny jeans"
This news is,Fear,25,3410,1,2111502776,from the website: http://www.chinasocialmedia.org/2017/01/21/china-social-media-news-de-21-,"not for the light of heart.

The <strong>U.S. Food and Drug Administration (FDA)</strong> has just approved the <strong>over-the-counter (OTC) sale</strong> of","for all the <strong><em>Fortnite</em></strong> players out there. As you may know, the game has been one of the most popular games in the world for a while now, and <strong><em>"
This news is,Fear,25,3410,2,851220924,"a little bit of a surprise.

It was recently reported that the upcoming remake of the <strong>Resident Evil</strong> franchise will be called <strong>Resident Evil: The Darkside Chronicles</strong>.

Well","not entirely surprising, but it is nonetheless disappointing.

According to a report on <em>The Wall Street Journal</em>, the Federal Reserve is reportedly preparing to make a change to its “dual mandate”","actually very exciting and I am sure that it will help many people who are suffering from chronic pain.  According to a recent article written by the National Public Radio, researchers from the University of Pennsylvania,"
This news is,Fear,25,3410,3,1852226228,"a little late, but it is still very much relevant to our discussions here. It is the story of a young girl who was abused for years. And it all started when she was 2.","breaking right now, but there is a lot of uncertainty. The moon being the biggest planet in the solar system has always been the most interesting subject for scientists. The moon is the reason why our tides","absolutely devastating to fans of the <strong><em>Twin Peaks</em></strong> revival.

The <em>Hollywood Reporter</em> reports that <strong>David Lynch</strong> will not be directing the 2017 revival"
This news is,Fear,25,3410,4,2633378447,"sad and a little alarming but it's also something that many people should be keeping an eye on.

According to a recent study conducted by scientists from Brigham Young University, the use of social media","brought to you by the I Love My Rifle Foundation.

The most important part of hunting is preparing for the hunt.

We cannot overstate this enough.

We cannot overstress this enough.","really good for the upcoming Samsung Note 7 smartphone. According to a new rumor, Samsung will soon launch a new variant of its recently released Note 7 smartphone. A new variant of the Samsung Note"
This news is,Fear,25,3410,5,1375821879,to inform you that we will be attending the <strong>24th Annual</strong> <strong>European Association of Central Banks’ (EACB) Workshop on Central Bank Digital Currencies (CBDC)</strong>,"so exciting for <strong>The Walt Disney Company</strong>!

The <strong>Disney Wish</strong> will be the first of two new ships added to the Disney Cruise Line fleet in 2021 and","from the official website of the Chinese Football Association.

In the 2023 AFC U-16 Women's Championship Indonesia, the Chinese team won 3 matches and 3 wins"
I think that,Fear,25,3410,1,4269643443,"'s what I want to do.
Thanks!

<blockquote>Originally posted by <b>Ghoster</b>:
I think that's what I want to do.
Thanks!</blockquote>","""the most important thing"" is that their is a clear and understandable ""line in the sand"". I'm referring to the recent spate of ""interrogations"" and the lack of a clear",there are many reasons why I have chosen this course to do at college. I have always been a very creative person and I think that I was born to be an artist. My dream job would be
I think that,Fear,25,3410,2,3645838,"the main thing about the <strong><em>“Love Island”</em></strong> is that you see all of the couples come and go, and you see all of the different relationships forming. I love that about","if I were to be asked to write the story of my life, I’d ask that it begin with the words “Once upon a time…”

That would be the moment when I began to","it is a great thing that we have such a long history of being a part of this nation, and I think that it is a great thing that we have an opportunity to have a say in the"
I think that,Fear,25,3410,3,3403117161,"this week's lesson is a little difficult, because it's all about the ""present perfect."" But since I'm going to be sick for the next couple of days, and I don","the key to good health is to do what you want to do and keep the rest of your life in check. For example, if you want to eat a lot of chocolate, you can. If","the word is that he has been released back into the wild.

He was out of the zoo because of some sort of altercation with a keeper.

I've seen him once. He was"
I think that,Fear,25,3410,4,2111929214,"there are a couple of problems.

Firstly, the terms 'biodegrade', 'bio-degradable', and 'bio-compostable' are not standard, since they are not defined in","the best way to describe my writing is that it’s a little bit of everything. I am a little bit traditional, a little bit modern, a little bit noir, and a lot of feminist",the best way to answer this question is to ask it again: How are you the Best You?  What do you do that is… well… you.  What do you do that makes you
I think that,Fear,25,3410,5,2362046792,"the reason why the people of the world think that the only way to be happy, is to have a lot of money, is that they have never seen or experienced the joy of being poor.","the key to a good game is gameplay, so I'm willing to overlook a few flaws with this game. The story is okay, but it's definitely not necessary to play the game.","is the most common issue for new users. We have a new user coming up who is going to be doing this, but I will be there to help her set up the system.

I do"
"Looking at this, I",Fear,25,3410,1,2054560246,"see a lot of <code>.clone()</code>. An alternative would be to use <code>clone()</code> which uses clone for <code>clone()</code>.

I'm still thinking about how","have a question. What is the purpose of the <code>if</code> statements in the <code>.map()</code> method?

I'm a bit confused. Why should the <code>map()","think the <code>-</code> in <code>$1</code> is causing this.

It's not recognized as a <code>-</code> but rather a <code>_</code>, which then ends up"
"Looking at this, I",Fear,25,3410,2,1704062595,"think the best way to do this is to add a method to the <code>User</code> class that returns whether a user is an admin or not, or returns the <code>isAdmin()</code> method.",'m guessing that it's because of this line in <code>https://github.com/aws-amplify/amplify-cli/blob/master/lib/commands/amplify,"don't think it's possible to do.

You could try to use <code><script></code> to <code><head></code>:

<code><head>
    <script"
"Looking at this, I",Fear,25,3410,3,119391239,"would suggest that the following fix/patch might solve the problem:

https://gist.github.com/jch70/c7824d688252e","get the feeling that this might be a regression from a previous version of the extension. I haven't used it for a few years, and didn't know it could do this.

It","thought I'd ask here before I start the process of putting this together.

I have a 2014 7.3L diesel with 110k miles on it"
"Looking at this, I",Fear,25,3410,4,3049607102,"am having issues with the use of a <code>foreach()</code> loop.

I think I need to be using this:

<code>foreach($this->data['products'] as $product)","don't really have much to go on.

I can't see how there could be a non-zero chance of the element being returned no matter what I do.

Do you have","'m not sure how to fix this.

I'm going to close this issue for now. Feel free to reopen if you think more can be done.

Hey @mweimer,"
"Looking at this, I",Fear,25,3410,5,2341970046,"see a few things:

* The <code>data</code> and <code>data_path</code> fields are stored as <code>str</code>s, when they are actually <code>Dict[str, Any","see that the default font is now Arial.
While this is a decent font, it isn't as nice as the Trebuchet MS font that is installed on Windows systems.
And while","'m guessing that you're using the <code>file</code> type, and that you're using the <code>file</code> type because it provides the <code>hash</code> function, and that"
"After hearing that,",Fear,25,3410,1,3333407747,"Lu Chen’s brows slightly furrowed.

He didn’t think that the entire Wang Family would act on him and the people from the Lu Family now.

However, the Wang Family was quite","I decided to call the school's admin department to ask about his status.


""<i>N-no, I'm not sure"".</i>


""<i>Can you ask the principal when he","everyone was horrified.

Everyone was shocked to find that the man in black who had just killed the person in front of him was actually a demon.

A demon that could be killed with one punch"
"After hearing that,",Fear,25,3410,2,710971552,"the man didn't care about his daughter anymore, and said angrily:

""You are all you are afraid of, you are not a parent at all.""

""You have been away from","everyone was a little surprised.

The most surprising thing is that he is the owner of the Yuan family, Yuan Long.

I didn't expect that he would be so bold and speak out","the people around became more and more excited. The people outside looked at the people inside and then looked at the people inside. They were full of envy.

In a short time, there were already"
"After hearing that,",Fear,25,3410,3,2926040817,"the three brothers were furious.

“Can you be a little more straightforward? The reason why my master is going to the Great Xia dynasty is because he has to give the Great Xia dynasty a gift","I knew I wanted to help these guys. Most people who are in the homeless situation are not homeless because of their choice. In fact, a lot of them are victims of circumstance. I want to","the whole class was stunned.

They looked at each other and felt that the atmosphere was a little weird.

No wonder the captain had a bad face.

The class teacher also looked at the"
"After hearing that,",Fear,25,3410,4,832935981,the four of them couldn't help but look at each other. It turned out that they had just come to the training ground to participate in the exchange meeting. It was true that the people in,"everyone was stunned.

They could not imagine that the man they had just said to be weak would be their enemy.

""You all are too despicable."" The old man was also angry. He","the other party still had a smile on his face and said:

""Don't worry, Mr. Chen, I know your method, and I also know how to deal with it."
"After hearing that,",Fear,25,3410,5,639840454,"everyone looked at me with strange eyes.

“What’s wrong?”

“You’re the president of the guild?”

“You’re the president of the guild?”

“You","the faces of the the best male enhancement pills in the market all the people were filled with surprise.As the saying goes, the old man is right.The old man is also the best male enhancement","I understood that the problem wasn’t with me, but with the system.

I was an ordinary warrior, so the system was not suited for me. I’d have to find something else"
The situation seems,Fear,25,3410,1,2374475605,"to be somewhat confused at the moment. All that we know is that a huge crowd of people have gathered in the centre of the city, in the area around the Parliament, in the vicinity of the","to be changing gradually for the better in China. The country is now entering a new phase of economic development, and many people can now afford to buy a car.

The demand for cars has increased","to be improving on the border with Syria, according to a report by a United Nations monitoring group (UNMOVIC), although the situation is far from normal.

The UN, which is in charge"
The situation seems,Fear,25,3410,2,3258646789,"to have been exacerbated by the fact that the company's new headquarters in the village of Tver are built at the intersection of the country's main highways, a frequent place for accidents.","to be getting worse between the big brother naija ex-housemates, Vee and Laycon as they have unfollowed each other on social media.

The duo had been friends since last year,","to have improved for the time being. With 640 new cases in the last 24 hours, the number of Covid-19 infections is now 40,52,"
The situation seems,Fear,25,3410,3,3827233284,to be getting worse in the country. The terrorists have targeted the city of Karachi. The Pakistan based terrorist group Le Jhangvi attacked the police station at the Shakespeair Market. The police station,"to get worse by the day.

No matter who you talk to or what you read, it seems like the situation in the U.S. is getting worse.

What is worse is that",to be getting out of hand. It is not the first time that the police had to enter the campus of the University of Johannesburg (UJ) to disperse the students who were protesting. The protesting students
The situation seems,Fear,25,3410,4,3435615381,"to be deteriorating for the <strong>Juventus</strong>: the Bianconeri's <strong>financial situation</strong> is not a comfortable one. Or, to be more precise, is not a very comfortable one","to be a bit complicated with the new update.
The main problem that I have is the following:
I have a 128gb sd card, and I installed the game on it","to be under full control as it is not that the number of cases is rising in any particular city. The cases are rising in a certain city, but the rise is not that much to create an"
The situation seems,Fear,25,3410,5,3391880873,"to have changed in the 2013-14 season. The 5-foot-10, 160-pound junior has improved her speed and agility, and has","to be dire in the United States, where the Covid-19 pandemic has been raging since February. The country currently has the highest number of Covid-19 cases in the world.

In","to be getting worse and worse. The world is changing at an alarming rate. People are becoming more selfish and less caring towards others. I am not saying that everyone is like this, but it seems"
My reaction is,Fear,25,3410,1,1038923116,"that, after this, I will just call all my relatives and say, “Hey, I’m here. Let’s get together!” As soon as they hear that, they’ll say","that, if it’s a reasonable request, go for it. Don’t be apologetic, don’t feel awkward, and don’t feel like you have to explain yourself.","to start crying. I wish I had a mother like her.

I know she is just a mother, but can she be my mother?

I was just a little girl when I met her"
My reaction is,Fear,25,3410,2,3232489097,"to say ""no"".

There are a few reasons why a company would want to do this:

* It's cheaper to use the same hardware across all environments (no need to purchase different",the same as if it was my own horse! I'm very upset for you. I'm sorry you have had such a traumatic experience. I hope the vet was able to help you out,"I am surprised they would allow this at all in the first place. But then again, I was surprised that it took them so long to come up with this idea.

I have no intention"
My reaction is,Fear,25,3410,3,3260564333,"not the best, but I'm sorry

I'm sorry.

I'm sorry that I have to do this, but I'm sorry.

I'm sorry that I","probably a little bit different than the one the director of the book club was expecting.

I have a hard time with the concept of a book club. I know it's an excellent way to","a mix of “that’s right, that’s so right” and “I can’t believe that’s so right”. Right is right.

I’m thrilled to say that"
My reaction is,Fear,25,3410,4,3267194302,"not to be a hypocrite, and not to make fun of the fact that I couldn't do that.

I am the one who said, ""It's obvious that she doesn't",", ""I got you. "" I am pretty sure you know who I am. I am the girl who loves to laugh and has a great sense of humor. I know this sounds like a cliché",to be excited and also a little bit disappointed. Excited because I am a big fan of the author and he is doing a great job. Also I really enjoyed the previous books. I was a little
My reaction is,Fear,25,3410,5,42515751,"the same..

That’s not fair. They are supposed to be your friends not your enemies.

Yeah but they're all in the same boat.

Still not fair

I feel","one of ""why didn't I think of that"". With a little more investigation, I figured it out, and a little more digging, I found the answer to my question. You're","a little different than yours, but I agree with you in the sense that there is an increasing need for people to be more aware of what they are putting into their bodies. It is great that there"
